diam_mm,area_cm2,rot_pct,sprout_pct,color_score,defect_pct,circ,aspect,label
49.4,4.0,0.0,0.0,0.1,9.0,0.8,1.0,3
111.0,83.08,0.0,0.0,0.1,9.0,0.8,1.0,3
136.1,77.12,0.0,0.0,0.1,9.0,0.8,1.0,3
120.9,95.04,0.0,0.0,0.1,9.0,0.8,1.0,3
146.1,108.92,0.0,0.0,0.1,9.0,0.8,1.0,3
127.8,91.81,0.0,0.0,0.1,9.0,0.8,1.0,3
139.2,98.25,0.0,0.0,0.1,9.0,0.8,1.0,3
127.2,90.21,0.0,0.0,0.1,9.0,0.8,1.0,3
140.5,98.91,0.0,0.0,1.0,0.0,0.8,1.0,0
452.3,762.31,0.0,0.0,0.93,0.69,0.8,1.0,0
131.6,90.88,0.0,0.0,1.0,0.0,0.8,1.0,0
125.3,90.66,0.0,0.0,1.0,0.0,0.8,1.0,0
151.0,102.87,0.0,0.0,1.0,0.0,0.8,1.0,0
105.3,74.34,0.0,0.0,0.1,9.0,0.8,1.0,3
130.3,91.55,0.0,0.0,0.1,9.0,0.8,1.0,3
156.9,100.44,0.0,0.0,0.1,9.0,0.8,1.0,3
228.0,262.01,0.0,0.0,0.1,9.0,0.8,1.0,3
125.8,87.86,0.0,0.0,0.1,9.0,0.8,1.0,3
138.9,96.58,0.0,0.0,0.1,9.0,0.8,1.0,3
164.6,143.11,0.0,0.0,0.1,9.0,0.8,1.0,3
139.9,115.63,0.0,0.0,0.1,9.0,0.8,1.0,3
158.1,137.5,0.0,0.0,0.17,8.33,0.8,1.0,3
143.9,114.28,0.0,0.0,0.8,1.98,0.8,1.0,0
145.2,123.75,0.0,0.0,0.8,1.98,0.8,1.0,0
144.0,129.97,0.0,0.0,0.8,1.98,0.8,1.0,0
135.6,105.2,0.0,0.0,0.8,1.98,0.8,1.0,0
141.1,114.8,0.0,0.0,0.1,9.0,0.8,1.0,3
158.2,101.53,0.0,0.0,0.1,9.0,0.8,1.0,3
86.4,20.26,0.0,0.0,0.1,9.0,0.8,1.0,3
197.0,95.53,0.0,68.57,0.1,100.0,0.8,1.0,3
69.0,14.89,0.0,68.57,0.1,100.0,0.8,1.0,3
118.6,61.9,0.0,68.57,0.1,100.0,0.8,1.0,3
197.0,95.53,0.0,68.57,0.1,100.0,0.8,1.0,3
69.0,14.89,0.0,68.57,0.1,100.0,0.8,1.0,3
118.6,61.9,0.0,68.57,0.1,100.0,0.8,1.0,3
197.0,95.53,0.0,68.57,0.1,100.0,0.8,1.0,3
69.0,14.89,0.0,68.57,0.1,100.0,0.8,1.0,3
118.6,61.9,0.0,68.57,0.1,100.0,0.8,1.0,3
197.0,95.53,0.0,68.57,0.1,100.0,0.8,1.0,3
69.0,14.89,0.0,68.57,0.1,100.0,0.8,1.0,3
118.6,61.9,0.0,68.57,0.1,100.0,0.8,1.0,3
57.4,14.97,0.0,0.0,0.97,0.32,0.8,1.0,0
90.7,28.63,0.0,0.0,0.97,0.32,0.8,1.0,0
41.7,6.29,0.0,0.0,0.8,2.0,0.8,1.0,1
158.8,126.62,0.0,0.0,0.92,0.76,0.8,1.0,0
158.8,126.62,0.0,0.0,0.92,0.76,0.8,1.0,0
150.2,94.81,0.0,0.0,1.0,0.0,0.8,1.0,0
47.1,9.48,0.0,0.0,0.89,1.13,0.8,1.0,1
154.8,106.08,0.0,73.68,0.1,100.0,0.8,1.0,3
71.4,33.62,0.0,73.68,0.1,100.0,0.8,1.0,3
201.6,149.29,0.0,73.68,0.1,100.0,0.8,1.0,3
145.1,113.58,0.0,73.68,0.1,100.0,0.8,1.0,3
93.7,63.81,0.0,73.68,0.1,100.0,0.8,1.0,3
89.0,50.94,0.0,73.68,0.1,100.0,0.8,1.0,3
99.7,36.61,0.0,73.68,0.1,100.0,0.8,1.0,3
117.2,102.25,0.0,0.0,0.1,9.0,0.8,1.0,3
166.8,119.09,0.0,0.0,0.1,9.0,0.8,1.0,3
131.6,91.45,0.0,0.0,0.1,9.0,0.8,1.0,3
142.0,116.33,0.0,0.0,0.1,9.0,0.8,1.0,3
204.0,159.92,0.0,0.0,0.94,0.57,0.8,1.0,0
111.7,56.34,0.0,0.26,0.1,9.0,0.8,1.0,3
41.7,6.29,0.0,0.0,0.8,2.0,0.8,1.0,1
204.0,159.92,0.0,0.0,0.94,0.57,0.8,1.0,0
57.4,14.97,0.0,0.0,0.97,0.32,0.8,1.0,0
90.7,28.63,0.0,0.0,0.97,0.32,0.8,1.0,0
41.7,6.29,0.0,0.0,0.8,2.0,0.8,1.0,1
78.8,20.37,0.0,0.0,0.98,0.17,0.8,1.0,0
95.3,40.6,0.0,0.0,0.1,9.0,0.8,1.0,3
71.8,29.35,0.0,0.0,0.98,0.17,0.8,1.0,0
64.1,26.52,0.0,0.0,0.98,0.17,0.8,1.0,0
282.5,189.57,0.0,0.0,0.1,9.0,0.8,1.0,3
66.0,18.23,0.0,0.0,1.0,0.0,0.8,1.0,0
51.3,9.57,0.0,0.0,0.44,5.57,0.8,1.0,3
93.1,52.28,0.0,0.0,1.0,0.0,0.8,1.0,0
143.9,86.67,0.0,0.0,0.1,9.0,0.8,1.0,3
233.0,222.67,0.0,0.0,0.1,9.0,0.8,1.0,3
35.9,3.73,0.0,0.0,0.59,4.09,0.8,1.0,2
43.3,3.95,0.0,0.0,0.1,9.0,0.8,1.0,3
41.8,4.11,0.0,0.0,1.0,0.0,0.8,1.0,1
44.9,4.2,0.0,0.0,0.1,9.0,0.8,1.0,3
39.4,3.43,0.0,0.0,0.1,9.0,0.8,1.0,3
207.7,153.2,0.0,0.0,0.1,9.0,0.8,1.0,3
51.0,5.09,0.0,0.0,0.1,9.0,0.8,1.0,3
238.7,171.76,0.0,0.0,0.13,8.73,0.8,1.0,3
220.7,182.49,0.0,0.0,0.13,8.73,0.8,1.0,3
241.2,230.38,0.0,0.0,0.1,9.0,0.8,1.0,3
62.2,16.4,0.0,0.0,0.1,9.0,0.8,1.0,3
111.5,44.82,0.0,0.0,0.1,9.0,0.8,1.0,3
245.1,251.1,0.0,0.0,0.1,9.0,0.8,1.0,3
43.3,3.86,0.0,0.0,0.14,8.61,0.8,1.0,3
75.8,14.94,0.0,0.0,0.11,8.94,0.8,1.0,3
60.2,9.48,0.0,0.0,0.1,9.0,0.8,1.0,3
70.3,16.48,0.0,0.0,0.1,9.0,0.8,1.0,3
76.1,18.21,0.0,0.0,0.1,9.0,0.8,1.0,3
263.6,280.89,0.0,0.0,0.1,9.0,0.8,1.0,3
50.4,5.2,0.0,0.0,0.99,0.1,0.8,1.0,1
227.2,228.79,0.0,0.0,0.1,9.0,0.8,1.0,3
205.9,149.96,0.0,0.0,0.1,9.0,0.8,1.0,3
41.7,6.29,0.0,0.0,0.8,2.0,0.8,1.0,1
117.2,102.25,0.0,0.0,0.1,9.0,0.8,1.0,3
158.8,126.62,0.0,0.0,0.92,0.76,0.8,1.0,0
158.8,126.62,0.0,0.0,0.92,0.76,0.8,1.0,0
41.7,6.29,0.0,0.0,0.8,2.0,0.8,1.0,1
163.0,133.92,0.0,2.08,0.46,5.36,0.8,1.0,3
163.0,133.92,0.0,2.08,0.46,5.36,0.8,1.0,3
158.6,90.89,0.0,0.0,0.95,0.46,0.8,1.0,0
110.9,61.46,0.0,0.0,0.8,1.99,0.8,1.0,0
140.1,97.89,0.0,0.0,0.69,3.1,0.8,1.0,0
135.2,88.33,0.0,0.0,0.72,2.77,0.8,1.0,0
192.1,184.37,0.0,0.3,0.66,3.4,0.8,1.0,0
169.7,144.0,0.0,0.0,0.75,2.54,0.8,1.0,0
170.9,141.02,0.0,0.0,0.83,1.72,0.8,1.0,0
163.0,133.92,0.0,2.46,0.8,2.03,0.8,1.0,0
163.0,133.92,0.0,2.46,0.8,2.03,0.8,1.0,0
114.2,64.12,0.0,0.0,0.99,0.08,0.8,1.0,0
110.9,61.46,0.0,0.0,0.8,1.99,0.8,1.0,0
140.1,97.89,0.0,0.0,0.69,3.1,0.8,1.0,0
192.1,184.37,0.0,0.3,0.66,3.4,0.8,1.0,0
36.7,8.5,0.0,0.0,0.99,0.12,0.8,1.0,2
30.5,6.41,0.0,0.0,0.94,0.56,0.8,1.0,2
33.1,7.02,0.0,0.0,0.96,0.36,0.8,1.0,2
35.4,4.64,0.0,0.0,0.98,0.24,0.8,1.0,2
192.1,184.37,0.0,0.3,0.66,3.4,0.8,1.0,0
159.5,127.23,0.0,0.02,0.61,3.92,0.8,1.0,0
259.2,320.72,0.02,0.51,0.76,2.4,0.8,1.0,0
122.8,75.32,0.0,0.0,0.47,5.34,0.8,1.0,3
125.9,79.14,0.0,0.0,0.38,6.16,0.8,1.0,3
125.6,78.8,0.0,0.0,0.39,6.14,0.8,1.0,3
158.6,90.89,0.0,0.0,0.95,0.46,0.8,1.0,0
110.9,61.46,0.0,0.0,0.8,1.99,0.8,1.0,0
140.1,97.89,0.0,0.0,0.69,3.1,0.8,1.0,0
110.9,61.46,0.0,0.0,0.8,1.99,0.8,1.0,0
140.1,97.89,0.0,0.0,0.69,3.1,0.8,1.0,0
36.7,8.5,0.0,0.0,0.99,0.12,0.8,1.0,2
30.5,6.41,0.0,0.0,0.94,0.56,0.8,1.0,2
33.1,7.02,0.0,0.0,0.96,0.36,0.8,1.0,2
35.4,4.64,0.0,0.0,0.98,0.24,0.8,1.0,2
135.2,88.33,0.0,0.0,0.72,2.77,0.8,1.0,0
110.9,61.46,0.0,0.0,0.8,1.99,0.8,1.0,0
140.1,97.89,0.0,0.0,0.69,3.1,0.8,1.0,0
110.9,61.46,0.0,0.0,0.8,1.99,0.8,1.0,0
140.1,97.89,0.0,0.0,0.69,3.1,0.8,1.0,0
100.2,50.02,0.23,0.0,0.33,35.42,0.8,1.0,3
111.9,57.15,0.75,0.0,0.73,20.4,0.8,1.0,1
141.0,99.04,0.0,0.03,0.89,1.08,0.8,1.0,0
52.6,13.84,0.12,0.0,0.52,5.01,0.8,1.0,1
59.1,17.45,0.14,0.0,0.27,7.51,0.8,1.0,3
33.2,5.08,0.03,0.0,0.5,5.08,0.8,1.0,2
88.9,38.85,0.07,0.0,0.88,1.33,0.8,1.0,0
58.3,16.97,0.01,0.0,0.96,0.43,0.8,1.0,0
52.6,13.84,0.12,0.0,0.52,5.01,0.8,1.0,1
59.1,17.45,0.14,0.0,0.27,7.51,0.8,1.0,3
33.2,5.08,0.03,0.0,0.5,5.08,0.8,1.0,2
88.9,38.85,0.07,0.0,0.88,1.33,0.8,1.0,0
58.3,16.97,0.01,0.0,0.96,0.43,0.8,1.0,0
135.2,88.33,0.0,0.0,0.72,2.77,0.8,1.0,0
232.2,269.61,0.0,0.0,0.67,27.66,0.8,1.0,3
165.3,127.84,0.02,0.07,0.49,5.09,0.8,1.0,0
135.2,88.33,0.0,0.0,0.72,2.77,0.8,1.0,0
91.9,55.22,12.34,0.0,0.79,20.59,0.8,1.0,3
233.7,213.57,0.0,0.0,0.34,48.84,0.8,1.0,3
234.3,213.97,0.0,0.0,0.34,48.79,0.8,1.0,3
116.8,96.31,7.09,0.0,0.9,11.59,0.8,1.0,2
111.2,79.57,16.71,0.0,0.64,28.7,0.8,1.0,3
128.9,77.81,15.28,0.0,0.72,25.67,0.8,1.0,3
158.6,90.89,2.67,0.0,0.95,4.46,0.8,1.0,1
180.8,193.79,9.95,0.0,0.94,49.37,0.8,1.0,3
43.1,12.07,0.68,0.0,0.99,1.12,0.8,1.0,1
36.3,6.4,13.67,0.0,0.79,22.59,0.8,1.0,3
69.2,30.35,3.23,0.0,0.54,55.66,0.8,1.0,3
114.2,64.12,14.13,0.0,0.99,21.27,0.8,1.0,3
163.0,133.92,0.0,2.46,0.8,41.54,0.8,1.0,3
116.7,67.79,1.67,0.0,0.99,2.59,0.8,1.0,1
111.3,92.77,0.0,0.0,1.0,0.02,0.8,1.0,0
111.5,92.92,0.0,0.0,1.0,0.02,0.8,1.0,0
175.4,128.34,0.0,0.0,0.99,33.09,0.8,1.0,3
133.7,98.65,0.84,0.0,0.99,35.83,0.8,1.0,3
50.1,12.5,23.21,0.0,0.47,40.16,0.8,1.0,3
70.2,24.6,22.32,0.0,0.52,56.07,0.8,1.0,3
103.9,43.43,7.11,4.32,0.42,43.76,0.8,1.0,3
102.4,47.22,11.54,0.04,0.67,20.57,0.8,1.0,3
86.0,33.59,5.29,0.0,0.97,8.26,0.8,1.0,2
83.6,29.99,13.05,0.0,0.9,20.59,0.8,1.0,3
77.2,27.65,6.0,0.0,0.98,9.15,0.8,1.0,2
99.5,39.25,4.22,0.0,0.8,8.37,0.8,1.0,2
115.4,64.03,11.08,0.0,0.99,39.66,0.8,1.0,3
120.9,65.38,0.98,42.61,0.56,67.06,0.8,1.0,3
121.2,69.67,3.34,42.21,0.5,86.78,0.8,1.0,3
115.6,61.82,13.9,40.97,0.42,100.0,0.8,1.0,3
81.4,31.42,0.58,0.0,1.0,0.87,0.8,1.0,0
65.8,19.57,9.14,0.42,0.75,16.17,0.8,1.0,3
73.6,25.37,19.11,0.89,0.48,57.05,0.8,1.0,3
65.8,19.57,9.14,0.42,0.75,16.17,0.8,1.0,3
73.6,25.37,19.11,0.89,0.48,57.05,0.8,1.0,3
99.5,39.25,4.22,0.0,0.8,8.37,0.8,1.0,2
86.0,33.59,5.29,0.0,0.97,8.26,0.8,1.0,2
83.6,29.99,13.05,0.0,0.9,20.59,0.8,1.0,3
77.2,27.65,6.0,0.0,0.98,9.15,0.8,1.0,2
232.2,269.61,8.69,0.0,0.81,44.54,0.8,1.0,3
111.9,57.15,13.4,0.0,0.73,39.38,0.8,1.0,3
141.0,99.04,16.53,0.03,0.89,25.87,0.8,1.0,3
100.2,50.02,31.48,0.0,0.33,82.29,0.8,1.0,3
135.2,88.33,13.79,0.0,0.99,20.79,0.8,1.0,3
77.9,29.72,1.72,1.24,0.87,36.72,0.8,1.0,3
50.1,12.53,0.0,0.0,0.89,23.12,0.8,1.0,2
65.8,19.57,9.14,0.42,0.75,16.17,0.8,1.0,3
73.6,25.37,19.11,0.89,0.48,57.05,0.8,1.0,3
